epoch,loss,regression_accuracy
0,2.4514081478118896,0.0
1,2.4514081478118896,0.0
2,2.4514081478118896,0.0
3,2.4514081478118896,0.0
4,2.4514081478118896,0.0
5,2.4514081478118896,0.0
6,2.4514081478118896,0.0
7,2.4514081478118896,0.0
8,2.4514081478118896,0.0
9,2.4514081478118896,0.0
10,2.4514081478118896,0.0
11,2.4514081478118896,0.0
12,2.4514081478118896,0.0
13,2.4514081478118896,0.0
14,2.4514081478118896,0.0
15,2.4514081478118896,0.0
